Profile Picture,Name,Mobile,Specialty,Location,Experience
doctorProfile.png,Kamrul Hasan,184,General Physician,Mirpur 12,15years
doctorProfile.png,Ariful Islam,184,General Physician,Jatrabari,10years
doctorProfile.png,Michael Williams,184,Pediatrician,Chicago,12years
doctorProfile.png,Emily Davis,184,Orthopedic Surgeon,Houston,8years
doctorProfile.png,Andrew Wilson,184,Neurologist,San Francisco,18years
doctorProfile.png,Olivia Brown,184,Gynecologist,Miami,14years
doctorProfile.png,Ethan Taylor,184,Psychiatrist,Boston,9years
doctorProfile.png,Ava Anderson,184,Ophthalmologist,Dallas,11years
doctorProfile.png,Benjamin Thompson,184,ENT Specialist,Seattle,13years
doctorProfile.png,Mia Garcia,184,Internal Medicine,Atlanta,7 years
